Minute,Predicted Temp (°C),Predicted Oxygen (mg/L)
500,21.96145651302605,8.639672144288578
501,21.961085481141925,8.64069997719991
502,21.960714449257797,8.641727810111242
503,21.960343417373668,8.642755643022573
504,21.959972385489543,8.643783475933905
